date_key,full_date,year,quarter,month,month_name,month_abbr,week_of_year,day_of_month,day_of_week,day_name,day_abbr,is_weekend,half_year
20240101,2024-01-01,2024,1,1,January,Jan,1,1,2,Monday,Mon,0,1
20240102,2024-01-02,2024,1,1,January,Jan,1,2,3,Tuesday,Tue,0,1
20240103,2024-01-03,2024,1,1,January,Jan,1,3,4,Wednesday,Wed,0,1
20240104,2024-01-04,2024,1,1,January,Jan,1,4,5,Thursday,Thu,0,1
20240105,2024-01-05,2024,1,1,January,Jan,1,5,6,Friday,Fri,0,1
20240106,2024-01-06,2024,1,1,January,Jan,1,6,7,Saturday,Sat,1,1
20240107,2024-01-07,2024,1,1,January,Jan,1,7,1,Sunday,Sun,1,1
20240108,2024-01-08,2024,1,1,January,Jan,2,8,2,Monday,Mon,0,1
20240109,2024-01-09,2024,1,1,January,Jan,2,9,3,Tuesday,Tue,0,1
20240110,2024-01-10,2024,1,1,January,Jan,2,10,4,Wednesday,Wed,0,1
20240111,2024-01-11,2024,1,1,January,Jan,2,11,5,Thursday,Thu,0,1
20240112,2024-01-12,2024,1,1,January,Jan,2,12,6,Friday,Fri,0,1
20240113,2024-01-13,2024,1,1,January,Jan,2,13,7,Saturday,Sat,1,1
20240114,2024-01-14,2024,1,1,January,Jan,2,14,1,Sunday,Sun,1,1
20240115,2024-01-15,2024,1,1,January,Jan,3,15,2,Monday,Mon,0,1
20240116,2024-01-16,2024,1,1,January,Jan,3,16,3,Tuesday,Tue,0,1
20240117,2024-01-17,2024,1,1,January,Jan,3,17,4,Wednesday,Wed,0,1
20240118,2024-01-18,2024,1,1,January,Jan,3,18,5,Thursday,Thu,0,1
20240119,2024-01-19,2024,1,1,January,Jan,3,19,6,Friday,Fri,0,1
20240120,2024-01-20,2024,1,1,January,Jan,3,20,7,Saturday,Sat,1,1
20240121,2024-01-21,2024,1,1,January,Jan,3,21,1,Sunday,Sun,1,1
20240122,2024-01-22,2024,1,1,January,Jan,4,22,2,Monday,Mon,0,1
20240123,2024-01-23,2024,1,1,January,Jan,4,23,3,Tuesday,Tue,0,1
20240124,2024-01-24,2024,1,1,January,Jan,4,24,4,Wednesday,Wed,0,1
20240125,2024-01-25,2024,1,1,January,Jan,4,25,5,Thursday,Thu,0,1
20240126,2024-01-26,2024,1,1,January,Jan,4,26,6,Friday,Fri,0,1
20240127,2024-01-27,2024,1,1,January,Jan,4,27,7,Saturday,Sat,1,1
20240128,2024-01-28,2024,1,1,January,Jan,4,28,1,Sunday,Sun,1,1
20240129,2024-01-29,2024,1,1,January,Jan,5,29,2,Monday,Mon,0,1
20240130,2024-01-30,2024,1,1,January,Jan,5,30,3,Tuesday,Tue,0,1
20240131,2024-01-31,2024,1,1,January,Jan,5,31,4,Wednesday,Wed,0,1
20240201,2024-02-01,2024,1,2,February,Feb,5,1,5,Thursday,Thu,0,1
20240202,2024-02-02,2024,1,2,February,Feb,5,2,6,Friday,Fri,0,1
20240203,2024-02-03,2024,1,2,February,Feb,5,3,7,Saturday,Sat,1,1
20240204,2024-02-04,2024,1,2,February,Feb,5,4,1,Sunday,Sun,1,1
20240205,2024-02-05,2024,1,2,February,Feb,6,5,2,Monday,Mon,0,1
20240206,2024-02-06,2024,1,2,February,Feb,6,6,3,Tuesday,Tue,0,1
20240207,2024-02-07,2024,1,2,February,Feb,6,7,4,Wednesday,Wed,0,1
20240208,2024-02-08,2024,1,2,February,Feb,6,8,5,Thursday,Thu,0,1
20240209,2024-02-09,2024,1,2,February,Feb,6,9,6,Friday,Fri,0,1
20240210,2024-02-10,2024,1,2,February,Feb,6,10,7,Saturday,Sat,1,1
20240211,2024-02-11,2024,1,2,February,Feb,6,11,1,Sunday,Sun,1,1
20240212,2024-02-12,2024,1,2,February,Feb,7,12,2,Monday,Mon,0,1
20240213,2024-02-13,2024,1,2,February,Feb,7,13,3,Tuesday,Tue,0,1
20240214,2024-02-14,2024,1,2,February,Feb,7,14,4,Wednesday,Wed,0,1
20240215,2024-02-15,2024,1,2,February,Feb,7,15,5,Thursday,Thu,0,1
20240216,2024-02-16,2024,1,2,February,Feb,7,16,6,Friday,Fri,0,1
20240217,2024-02-17,2024,1,2,February,Feb,7,17,7,Saturday,Sat,1,1
20240218,2024-02-18,2024,1,2,February,Feb,7,18,1,Sunday,Sun,1,1
20240219,2024-02-19,2024,1,2,February,Feb,8,19,2,Monday,Mon,0,1
20240220,2024-02-20,2024,1,2,February,Feb,8,20,3,Tuesday,Tue,0,1
20240221,2024-02-21,2024,1,2,February,Feb,8,21,4,Wednesday,Wed,0,1
20240222,2024-02-22,2024,1,2,February,Feb,8,22,5,Thursday,Thu,0,1
20240223,2024-02-23,2024,1,2,February,Feb,8,23,6,Friday,Fri,0,1
20240224,2024-02-24,2024,1,2,February,Feb,8,24,7,Saturday,Sat,1,1
20240225,2024-02-25,2024,1,2,February,Feb,8,25,1,Sunday,Sun,1,1
20240226,2024-02-26,2024,1,2,February,Feb,9,26,2,Monday,Mon,0,1
20240227,2024-02-27,2024,1,2,February,Feb,9,27,3,Tuesday,Tue,0,1
20240228,2024-02-28,2024,1,2,February,Feb,9,28,4,Wednesday,Wed,0,1
20240229,2024-02-29,2024,1,2,February,Feb,9,29,5,Thursday,Thu,0,1
20240301,2024-03-01,2024,1,3,March,Mar,9,1,6,Friday,Fri,0,1
20240302,2024-03-02,2024,1,3,March,Mar,9,2,7,Saturday,Sat,1,1
20240303,2024-03-03,2024,1,3,March,Mar,9,3,1,Sunday,Sun,1,1
20240304,2024-03-04,2024,1,3,March,Mar,10,4,2,Monday,Mon,0,1
20240305,2024-03-05,2024,1,3,March,Mar,10,5,3,Tuesday,Tue,0,1
20240306,2024-03-06,2024,1,3,March,Mar,10,6,4,Wednesday,Wed,0,1
20240307,2024-03-07,2024,1,3,March,Mar,10,7,5,Thursday,Thu,0,1
20240308,2024-03-08,2024,1,3,March,Mar,10,8,6,Friday,Fri,0,1
20240309,2024-03-09,2024,1,3,March,Mar,10,9,7,Saturday,Sat,1,1
20240310,2024-03-10,2024,1,3,March,Mar,10,10,1,Sunday,Sun,1,1
20240311,2024-03-11,2024,1,3,March,Mar,11,11,2,Monday,Mon,0,1
20240312,2024-03-12,2024,1,3,March,Mar,11,12,3,Tuesday,Tue,0,1
20240313,2024-03-13,2024,1,3,March,Mar,11,13,4,Wednesday,Wed,0,1
20240314,2024-03-14,2024,1,3,March,Mar,11,14,5,Thursday,Thu,0,1
20240315,2024-03-15,2024,1,3,March,Mar,11,15,6,Friday,Fri,0,1
20240316,2024-03-16,2024,1,3,March,Mar,11,16,7,Saturday,Sat,1,1
20240317,2024-03-17,2024,1,3,March,Mar,11,17,1,Sunday,Sun,1,1
20240318,2024-03-18,2024,1,3,March,Mar,12,18,2,Monday,Mon,0,1
20240319,2024-03-19,2024,1,3,March,Mar,12,19,3,Tuesday,Tue,0,1
20240320,2024-03-20,2024,1,3,March,Mar,12,20,4,Wednesday,Wed,0,1
20240321,2024-03-21,2024,1,3,March,Mar,12,21,5,Thursday,Thu,0,1
20240322,2024-03-22,2024,1,3,March,Mar,12,22,6,Friday,Fri,0,1
20240323,2024-03-23,2024,1,3,March,Mar,12,23,7,Saturday,Sat,1,1
20240324,2024-03-24,2024,1,3,March,Mar,12,24,1,Sunday,Sun,1,1
20240325,2024-03-25,2024,1,3,March,Mar,13,25,2,Monday,Mon,0,1
20240326,2024-03-26,2024,1,3,March,Mar,13,26,3,Tuesday,Tue,0,1
20240327,2024-03-27,2024,1,3,March,Mar,13,27,4,Wednesday,Wed,0,1
20240328,2024-03-28,2024,1,3,March,Mar,13,28,5,Thursday,Thu,0,1
20240329,2024-03-29,2024,1,3,March,Mar,13,29,6,Friday,Fri,0,1
20240330,2024-03-30,2024,1,3,March,Mar,13,30,7,Saturday,Sat,1,1
20240331,2024-03-31,2024,1,3,March,Mar,13,31,1,Sunday,Sun,1,1
20240401,2024-04-01,2024,2,4,April,Apr,14,1,2,Monday,Mon,0,1
20240402,2024-04-02,2024,2,4,April,Apr,14,2,3,Tuesday,Tue,0,1
20240403,2024-04-03,2024,2,4,April,Apr,14,3,4,Wednesday,Wed,0,1
20240404,2024-04-04,2024,2,4,April,Apr,14,4,5,Thursday,Thu,0,1
20240405,2024-04-05,2024,2,4,April,Apr,14,5,6,Friday,Fri,0,1
20240406,2024-04-06,2024,2,4,April,Apr,14,6,7,Saturday,Sat,1,1
20240407,2024-04-07,2024,2,4,April,Apr,14,7,1,Sunday,Sun,1,1
20240408,2024-04-08,2024,2,4,April,Apr,15,8,2,Monday,Mon,0,1
20240409,2024-04-09,2024,2,4,April,Apr,15,9,3,Tuesday,Tue,0,1
20240410,2024-04-10,2024,2,4,April,Apr,15,10,4,Wednesday,Wed,0,1
20240411,2024-04-11,2024,2,4,April,Apr,15,11,5,Thursday,Thu,0,1
20240412,2024-04-12,2024,2,4,April,Apr,15,12,6,Friday,Fri,0,1
20240413,2024-04-13,2024,2,4,April,Apr,15,13,7,Saturday,Sat,1,1
20240414,2024-04-14,2024,2,4,April,Apr,15,14,1,Sunday,Sun,1,1
20240415,2024-04-15,2024,2,4,April,Apr,16,15,2,Monday,Mon,0,1
20240416,2024-04-16,2024,2,4,April,Apr,16,16,3,Tuesday,Tue,0,1
20240417,2024-04-17,2024,2,4,April,Apr,16,17,4,Wednesday,Wed,0,1
20240418,2024-04-18,2024,2,4,April,Apr,16,18,5,Thursday,Thu,0,1
20240419,2024-04-19,2024,2,4,April,Apr,16,19,6,Friday,Fri,0,1
20240420,2024-04-20,2024,2,4,April,Apr,16,20,7,Saturday,Sat,1,1
20240421,2024-04-21,2024,2,4,April,Apr,16,21,1,Sunday,Sun,1,1
20240422,2024-04-22,2024,2,4,April,Apr,17,22,2,Monday,Mon,0,1
20240423,2024-04-23,2024,2,4,April,Apr,17,23,3,Tuesday,Tue,0,1
20240424,2024-04-24,2024,2,4,April,Apr,17,24,4,Wednesday,Wed,0,1
20240425,2024-04-25,2024,2,4,April,Apr,17,25,5,Thursday,Thu,0,1
20240426,2024-04-26,2024,2,4,April,Apr,17,26,6,Friday,Fri,0,1
20240427,2024-04-27,2024,2,4,April,Apr,17,27,7,Saturday,Sat,1,1
20240428,2024-04-28,2024,2,4,April,Apr,17,28,1,Sunday,Sun,1,1
20240429,2024-04-29,2024,2,4,April,Apr,18,29,2,Monday,Mon,0,1
20240430,2024-04-30,2024,2,4,April,Apr,18,30,3,Tuesday,Tue,0,1
20240501,2024-05-01,2024,2,5,May,May,18,1,4,Wednesday,Wed,0,1
20240502,2024-05-02,2024,2,5,May,May,18,2,5,Thursday,Thu,0,1
20240503,2024-05-03,2024,2,5,May,May,18,3,6,Friday,Fri,0,1
20240504,2024-05-04,2024,2,5,May,May,18,4,7,Saturday,Sat,1,1
20240505,2024-05-05,2024,2,5,May,May,18,5,1,Sunday,Sun,1,1
20240506,2024-05-06,2024,2,5,May,May,19,6,2,Monday,Mon,0,1
20240507,2024-05-07,2024,2,5,May,May,19,7,3,Tuesday,Tue,0,1
20240508,2024-05-08,2024,2,5,May,May,19,8,4,Wednesday,Wed,0,1
20240509,2024-05-09,2024,2,5,May,May,19,9,5,Thursday,Thu,0,1
20240510,2024-05-10,2024,2,5,May,May,19,10,6,Friday,Fri,0,1
20240511,2024-05-11,2024,2,5,May,May,19,11,7,Saturday,Sat,1,1
20240512,2024-05-12,2024,2,5,May,May,19,12,1,Sunday,Sun,1,1
20240513,2024-05-13,2024,2,5,May,May,20,13,2,Monday,Mon,0,1
20240514,2024-05-14,2024,2,5,May,May,20,14,3,Tuesday,Tue,0,1
20240515,2024-05-15,2024,2,5,May,May,20,15,4,Wednesday,Wed,0,1
20240516,2024-05-16,2024,2,5,May,May,20,16,5,Thursday,Thu,0,1
20240517,2024-05-17,2024,2,5,May,May,20,17,6,Friday,Fri,0,1
20240518,2024-05-18,2024,2,5,May,May,20,18,7,Saturday,Sat,1,1
20240519,2024-05-19,2024,2,5,May,May,20,19,1,Sunday,Sun,1,1
20240520,2024-05-20,2024,2,5,May,May,21,20,2,Monday,Mon,0,1
20240521,2024-05-21,2024,2,5,May,May,21,21,3,Tuesday,Tue,0,1
20240522,2024-05-22,2024,2,5,May,May,21,22,4,Wednesday,Wed,0,1
20240523,2024-05-23,2024,2,5,May,May,21,23,5,Thursday,Thu,0,1
20240524,2024-05-24,2024,2,5,May,May,21,24,6,Friday,Fri,0,1
20240525,2024-05-25,2024,2,5,May,May,21,25,7,Saturday,Sat,1,1
20240526,2024-05-26,2024,2,5,May,May,21,26,1,Sunday,Sun,1,1
20240527,2024-05-27,2024,2,5,May,May,22,27,2,Monday,Mon,0,1
20240528,2024-05-28,2024,2,5,May,May,22,28,3,Tuesday,Tue,0,1
20240529,2024-05-29,2024,2,5,May,May,22,29,4,Wednesday,Wed,0,1
20240530,2024-05-30,2024,2,5,May,May,22,30,5,Thursday,Thu,0,1
20240531,2024-05-31,2024,2,5,May,May,22,31,6,Friday,Fri,0,1
20240601,2024-06-01,2024,2,6,June,Jun,22,1,7,Saturday,Sat,1,1
20240602,2024-06-02,2024,2,6,June,Jun,22,2,1,Sunday,Sun,1,1
20240603,2024-06-03,2024,2,6,June,Jun,23,3,2,Monday,Mon,0,1
20240604,2024-06-04,2024,2,6,June,Jun,23,4,3,Tuesday,Tue,0,1
20240605,2024-06-05,2024,2,6,June,Jun,23,5,4,Wednesday,Wed,0,1
20240606,2024-06-06,2024,2,6,June,Jun,23,6,5,Thursday,Thu,0,1
20240607,2024-06-07,2024,2,6,June,Jun,23,7,6,Friday,Fri,0,1
20240608,2024-06-08,2024,2,6,June,Jun,23,8,7,Saturday,Sat,1,1
20240609,2024-06-09,2024,2,6,June,Jun,23,9,1,Sunday,Sun,1,1
20240610,2024-06-10,2024,2,6,June,Jun,24,10,2,Monday,Mon,0,1
20240611,2024-06-11,2024,2,6,June,Jun,24,11,3,Tuesday,Tue,0,1
20240612,2024-06-12,2024,2,6,June,Jun,24,12,4,Wednesday,Wed,0,1
20240613,2024-06-13,2024,2,6,June,Jun,24,13,5,Thursday,Thu,0,1
20240614,2024-06-14,2024,2,6,June,Jun,24,14,6,Friday,Fri,0,1
20240615,2024-06-15,2024,2,6,June,Jun,24,15,7,Saturday,Sat,1,1
20240616,2024-06-16,2024,2,6,June,Jun,24,16,1,Sunday,Sun,1,1
20240617,2024-06-17,2024,2,6,June,Jun,25,17,2,Monday,Mon,0,1
20240618,2024-06-18,2024,2,6,June,Jun,25,18,3,Tuesday,Tue,0,1
20240619,2024-06-19,2024,2,6,June,Jun,25,19,4,Wednesday,Wed,0,1
20240620,2024-06-20,2024,2,6,June,Jun,25,20,5,Thursday,Thu,0,1
20240621,2024-06-21,2024,2,6,June,Jun,25,21,6,Friday,Fri,0,1
20240622,2024-06-22,2024,2,6,June,Jun,25,22,7,Saturday,Sat,1,1
20240623,2024-06-23,2024,2,6,June,Jun,25,23,1,Sunday,Sun,1,1
20240624,2024-06-24,2024,2,6,June,Jun,26,24,2,Monday,Mon,0,1
20240625,2024-06-25,2024,2,6,June,Jun,26,25,3,Tuesday,Tue,0,1
20240626,2024-06-26,2024,2,6,June,Jun,26,26,4,Wednesday,Wed,0,1
20240627,2024-06-27,2024,2,6,June,Jun,26,27,5,Thursday,Thu,0,1
20240628,2024-06-28,2024,2,6,June,Jun,26,28,6,Friday,Fri,0,1
20240629,2024-06-29,2024,2,6,June,Jun,26,29,7,Saturday,Sat,1,1
20240630,2024-06-30,2024,2,6,June,Jun,26,30,1,Sunday,Sun,1,1
20240701,2024-07-01,2024,3,7,July,Jul,27,1,2,Monday,Mon,0,2
20240702,2024-07-02,2024,3,7,July,Jul,27,2,3,Tuesday,Tue,0,2
20240703,2024-07-03,2024,3,7,July,Jul,27,3,4,Wednesday,Wed,0,2
20240704,2024-07-04,2024,3,7,July,Jul,27,4,5,Thursday,Thu,0,2
20240705,2024-07-05,2024,3,7,July,Jul,27,5,6,Friday,Fri,0,2
20240706,2024-07-06,2024,3,7,July,Jul,27,6,7,Saturday,Sat,1,2
20240707,2024-07-07,2024,3,7,July,Jul,27,7,1,Sunday,Sun,1,2
20240708,2024-07-08,2024,3,7,July,Jul,28,8,2,Monday,Mon,0,2
20240709,2024-07-09,2024,3,7,July,Jul,28,9,3,Tuesday,Tue,0,2
20240710,2024-07-10,2024,3,7,July,Jul,28,10,4,Wednesday,Wed,0,2
20240711,2024-07-11,2024,3,7,July,Jul,28,11,5,Thursday,Thu,0,2
20240712,2024-07-12,2024,3,7,July,Jul,28,12,6,Friday,Fri,0,2
20240713,2024-07-13,2024,3,7,July,Jul,28,13,7,Saturday,Sat,1,2
20240714,2024-07-14,2024,3,7,July,Jul,28,14,1,Sunday,Sun,1,2
20240715,2024-07-15,2024,3,7,July,Jul,29,15,2,Monday,Mon,0,2
20240716,2024-07-16,2024,3,7,July,Jul,29,16,3,Tuesday,Tue,0,2
20240717,2024-07-17,2024,3,7,July,Jul,29,17,4,Wednesday,Wed,0,2
20240718,2024-07-18,2024,3,7,July,Jul,29,18,5,Thursday,Thu,0,2
20240719,2024-07-19,2024,3,7,July,Jul,29,19,6,Friday,Fri,0,2
20240720,2024-07-20,2024,3,7,July,Jul,29,20,7,Saturday,Sat,1,2
20240721,2024-07-21,2024,3,7,July,Jul,29,21,1,Sunday,Sun,1,2
20240722,2024-07-22,2024,3,7,July,Jul,30,22,2,Monday,Mon,0,2
20240723,2024-07-23,2024,3,7,July,Jul,30,23,3,Tuesday,Tue,0,2
20240724,2024-07-24,2024,3,7,July,Jul,30,24,4,Wednesday,Wed,0,2
20240725,2024-07-25,2024,3,7,July,Jul,30,25,5,Thursday,Thu,0,2
20240726,2024-07-26,2024,3,7,July,Jul,30,26,6,Friday,Fri,0,2
20240727,2024-07-27,2024,3,7,July,Jul,30,27,7,Saturday,Sat,1,2
20240728,2024-07-28,2024,3,7,July,Jul,30,28,1,Sunday,Sun,1,2
20240729,2024-07-29,2024,3,7,July,Jul,31,29,2,Monday,Mon,0,2
20240730,2024-07-30,2024,3,7,July,Jul,31,30,3,Tuesday,Tue,0,2
20240731,2024-07-31,2024,3,7,July,Jul,31,31,4,Wednesday,Wed,0,2
20240801,2024-08-01,2024,3,8,August,Aug,31,1,5,Thursday,Thu,0,2
20240802,2024-08-02,2024,3,8,August,Aug,31,2,6,Friday,Fri,0,2
20240803,2024-08-03,2024,3,8,August,Aug,31,3,7,Saturday,Sat,1,2
20240804,2024-08-04,2024,3,8,August,Aug,31,4,1,Sunday,Sun,1,2
20240805,2024-08-05,2024,3,8,August,Aug,32,5,2,Monday,Mon,0,2
20240806,2024-08-06,2024,3,8,August,Aug,32,6,3,Tuesday,Tue,0,2
20240807,2024-08-07,2024,3,8,August,Aug,32,7,4,Wednesday,Wed,0,2
20240808,2024-08-08,2024,3,8,August,Aug,32,8,5,Thursday,Thu,0,2
20240809,2024-08-09,2024,3,8,August,Aug,32,9,6,Friday,Fri,0,2
20240810,2024-08-10,2024,3,8,August,Aug,32,10,7,Saturday,Sat,1,2
20240811,2024-08-11,2024,3,8,August,Aug,32,11,1,Sunday,Sun,1,2
20240812,2024-08-12,2024,3,8,August,Aug,33,12,2,Monday,Mon,0,2
20240813,2024-08-13,2024,3,8,August,Aug,33,13,3,Tuesday,Tue,0,2
20240814,2024-08-14,2024,3,8,August,Aug,33,14,4,Wednesday,Wed,0,2
20240815,2024-08-15,2024,3,8,August,Aug,33,15,5,Thursday,Thu,0,2
20240816,2024-08-16,2024,3,8,August,Aug,33,16,6,Friday,Fri,0,2
20240817,2024-08-17,2024,3,8,August,Aug,33,17,7,Saturday,Sat,1,2
20240818,2024-08-18,2024,3,8,August,Aug,33,18,1,Sunday,Sun,1,2
20240819,2024-08-19,2024,3,8,August,Aug,34,19,2,Monday,Mon,0,2
20240820,2024-08-20,2024,3,8,August,Aug,34,20,3,Tuesday,Tue,0,2
20240821,2024-08-21,2024,3,8,August,Aug,34,21,4,Wednesday,Wed,0,2
20240822,2024-08-22,2024,3,8,August,Aug,34,22,5,Thursday,Thu,0,2
20240823,2024-08-23,2024,3,8,August,Aug,34,23,6,Friday,Fri,0,2
20240824,2024-08-24,2024,3,8,August,Aug,34,24,7,Saturday,Sat,1,2
20240825,2024-08-25,2024,3,8,August,Aug,34,25,1,Sunday,Sun,1,2
20240826,2024-08-26,2024,3,8,August,Aug,35,26,2,Monday,Mon,0,2
20240827,2024-08-27,2024,3,8,August,Aug,35,27,3,Tuesday,Tue,0,2
20240828,2024-08-28,2024,3,8,August,Aug,35,28,4,Wednesday,Wed,0,2
20240829,2024-08-29,2024,3,8,August,Aug,35,29,5,Thursday,Thu,0,2
20240830,2024-08-30,2024,3,8,August,Aug,35,30,6,Friday,Fri,0,2
20240831,2024-08-31,2024,3,8,August,Aug,35,31,7,Saturday,Sat,1,2
20240901,2024-09-01,2024,3,9,September,Sep,35,1,1,Sunday,Sun,1,2
20240902,2024-09-02,2024,3,9,September,Sep,36,2,2,Monday,Mon,0,2
20240903,2024-09-03,2024,3,9,September,Sep,36,3,3,Tuesday,Tue,0,2
20240904,2024-09-04,2024,3,9,September,Sep,36,4,4,Wednesday,Wed,0,2
20240905,2024-09-05,2024,3,9,September,Sep,36,5,5,Thursday,Thu,0,2
20240906,2024-09-06,2024,3,9,September,Sep,36,6,6,Friday,Fri,0,2
20240907,2024-09-07,2024,3,9,September,Sep,36,7,7,Saturday,Sat,1,2
20240908,2024-09-08,2024,3,9,September,Sep,36,8,1,Sunday,Sun,1,2
20240909,2024-09-09,2024,3,9,September,Sep,37,9,2,Monday,Mon,0,2
20240910,2024-09-10,2024,3,9,September,Sep,37,10,3,Tuesday,Tue,0,2
20240911,2024-09-11,2024,3,9,September,Sep,37,11,4,Wednesday,Wed,0,2
20240912,2024-09-12,2024,3,9,September,Sep,37,12,5,Thursday,Thu,0,2
20240913,2024-09-13,2024,3,9,September,Sep,37,13,6,Friday,Fri,0,2
20240914,2024-09-14,2024,3,9,September,Sep,37,14,7,Saturday,Sat,1,2
20240915,2024-09-15,2024,3,9,September,Sep,37,15,1,Sunday,Sun,1,2
20240916,2024-09-16,2024,3,9,September,Sep,38,16,2,Monday,Mon,0,2
20240917,2024-09-17,2024,3,9,September,Sep,38,17,3,Tuesday,Tue,0,2
20240918,2024-09-18,2024,3,9,September,Sep,38,18,4,Wednesday,Wed,0,2
20240919,2024-09-19,2024,3,9,September,Sep,38,19,5,Thursday,Thu,0,2
20240920,2024-09-20,2024,3,9,September,Sep,38,20,6,Friday,Fri,0,2
20240921,2024-09-21,2024,3,9,September,Sep,38,21,7,Saturday,Sat,1,2
20240922,2024-09-22,2024,3,9,September,Sep,38,22,1,Sunday,Sun,1,2
20240923,2024-09-23,2024,3,9,September,Sep,39,23,2,Monday,Mon,0,2
20240924,2024-09-24,2024,3,9,September,Sep,39,24,3,Tuesday,Tue,0,2
20240925,2024-09-25,2024,3,9,September,Sep,39,25,4,Wednesday,Wed,0,2
20240926,2024-09-26,2024,3,9,September,Sep,39,26,5,Thursday,Thu,0,2
20240927,2024-09-27,2024,3,9,September,Sep,39,27,6,Friday,Fri,0,2
20240928,2024-09-28,2024,3,9,September,Sep,39,28,7,Saturday,Sat,1,2
20240929,2024-09-29,2024,3,9,September,Sep,39,29,1,Sunday,Sun,1,2
20240930,2024-09-30,2024,3,9,September,Sep,40,30,2,Monday,Mon,0,2
20241001,2024-10-01,2024,4,10,October,Oct,40,1,3,Tuesday,Tue,0,2
20241002,2024-10-02,2024,4,10,October,Oct,40,2,4,Wednesday,Wed,0,2
20241003,2024-10-03,2024,4,10,October,Oct,40,3,5,Thursday,Thu,0,2
20241004,2024-10-04,2024,4,10,October,Oct,40,4,6,Friday,Fri,0,2
20241005,2024-10-05,2024,4,10,October,Oct,40,5,7,Saturday,Sat,1,2
20241006,2024-10-06,2024,4,10,October,Oct,40,6,1,Sunday,Sun,1,2
20241007,2024-10-07,2024,4,10,October,Oct,41,7,2,Monday,Mon,0,2
20241008,2024-10-08,2024,4,10,October,Oct,41,8,3,Tuesday,Tue,0,2
20241009,2024-10-09,2024,4,10,October,Oct,41,9,4,Wednesday,Wed,0,2
20241010,2024-10-10,2024,4,10,October,Oct,41,10,5,Thursday,Thu,0,2
20241011,2024-10-11,2024,4,10,October,Oct,41,11,6,Friday,Fri,0,2
20241012,2024-10-12,2024,4,10,October,Oct,41,12,7,Saturday,Sat,1,2
20241013,2024-10-13,2024,4,10,October,Oct,41,13,1,Sunday,Sun,1,2
20241014,2024-10-14,2024,4,10,October,Oct,42,14,2,Monday,Mon,0,2
20241015,2024-10-15,2024,4,10,October,Oct,42,15,3,Tuesday,Tue,0,2
20241016,2024-10-16,2024,4,10,October,Oct,42,16,4,Wednesday,Wed,0,2
20241017,2024-10-17,2024,4,10,October,Oct,42,17,5,Thursday,Thu,0,2
20241018,2024-10-18,2024,4,10,October,Oct,42,18,6,Friday,Fri,0,2
20241019,2024-10-19,2024,4,10,October,Oct,42,19,7,Saturday,Sat,1,2
20241020,2024-10-20,2024,4,10,October,Oct,42,20,1,Sunday,Sun,1,2
20241021,2024-10-21,2024,4,10,October,Oct,43,21,2,Monday,Mon,0,2
20241022,2024-10-22,2024,4,10,October,Oct,43,22,3,Tuesday,Tue,0,2
20241023,2024-10-23,2024,4,10,October,Oct,43,23,4,Wednesday,Wed,0,2
20241024,2024-10-24,2024,4,10,October,Oct,43,24,5,Thursday,Thu,0,2
20241025,2024-10-25,2024,4,10,October,Oct,43,25,6,Friday,Fri,0,2
20241026,2024-10-26,2024,4,10,October,Oct,43,26,7,Saturday,Sat,1,2
20241027,2024-10-27,2024,4,10,October,Oct,43,27,1,Sunday,Sun,1,2
20241028,2024-10-28,2024,4,10,October,Oct,44,28,2,Monday,Mon,0,2
20241029,2024-10-29,2024,4,10,October,Oct,44,29,3,Tuesday,Tue,0,2
20241030,2024-10-30,2024,4,10,October,Oct,44,30,4,Wednesday,Wed,0,2
20241031,2024-10-31,2024,4,10,October,Oct,44,31,5,Thursday,Thu,0,2
20241101,2024-11-01,2024,4,11,November,Nov,44,1,6,Friday,Fri,0,2
20241102,2024-11-02,2024,4,11,November,Nov,44,2,7,Saturday,Sat,1,2
20241103,2024-11-03,2024,4,11,November,Nov,44,3,1,Sunday,Sun,1,2
20241104,2024-11-04,2024,4,11,November,Nov,45,4,2,Monday,Mon,0,2
20241105,2024-11-05,2024,4,11,November,Nov,45,5,3,Tuesday,Tue,0,2
20241106,2024-11-06,2024,4,11,November,Nov,45,6,4,Wednesday,Wed,0,2
20241107,2024-11-07,2024,4,11,November,Nov,45,7,5,Thursday,Thu,0,2
20241108,2024-11-08,2024,4,11,November,Nov,45,8,6,Friday,Fri,0,2
20241109,2024-11-09,2024,4,11,November,Nov,45,9,7,Saturday,Sat,1,2
20241110,2024-11-10,2024,4,11,November,Nov,45,10,1,Sunday,Sun,1,2
20241111,2024-11-11,2024,4,11,November,Nov,46,11,2,Monday,Mon,0,2
20241112,2024-11-12,2024,4,11,November,Nov,46,12,3,Tuesday,Tue,0,2
20241113,2024-11-13,2024,4,11,November,Nov,46,13,4,Wednesday,Wed,0,2
20241114,2024-11-14,2024,4,11,November,Nov,46,14,5,Thursday,Thu,0,2
20241115,2024-11-15,2024,4,11,November,Nov,46,15,6,Friday,Fri,0,2
20241116,2024-11-16,2024,4,11,November,Nov,46,16,7,Saturday,Sat,1,2
20241117,2024-11-17,2024,4,11,November,Nov,46,17,1,Sunday,Sun,1,2
20241118,2024-11-18,2024,4,11,November,Nov,47,18,2,Monday,Mon,0,2
20241119,2024-11-19,2024,4,11,November,Nov,47,19,3,Tuesday,Tue,0,2
20241120,2024-11-20,2024,4,11,November,Nov,47,20,4,Wednesday,Wed,0,2
20241121,2024-11-21,2024,4,11,November,Nov,47,21,5,Thursday,Thu,0,2
20241122,2024-11-22,2024,4,11,November,Nov,47,22,6,Friday,Fri,0,2
20241123,2024-11-23,2024,4,11,November,Nov,47,23,7,Saturday,Sat,1,2
20241124,2024-11-24,2024,4,11,November,Nov,47,24,1,Sunday,Sun,1,2
20241125,2024-11-25,2024,4,11,November,Nov,48,25,2,Monday,Mon,0,2
20241126,2024-11-26,2024,4,11,November,Nov,48,26,3,Tuesday,Tue,0,2
20241127,2024-11-27,2024,4,11,November,Nov,48,27,4,Wednesday,Wed,0,2
20241128,2024-11-28,2024,4,11,November,Nov,48,28,5,Thursday,Thu,0,2
20241129,2024-11-29,2024,4,11,November,Nov,48,29,6,Friday,Fri,0,2
20241130,2024-11-30,2024,4,11,November,Nov,48,30,7,Saturday,Sat,1,2
20241201,2024-12-01,2024,4,12,December,Dec,48,1,1,Sunday,Sun,1,2
20241202,2024-12-02,2024,4,12,December,Dec,49,2,2,Monday,Mon,0,2
20241203,2024-12-03,2024,4,12,December,Dec,49,3,3,Tuesday,Tue,0,2
20241204,2024-12-04,2024,4,12,December,Dec,49,4,4,Wednesday,Wed,0,2
20241205,2024-12-05,2024,4,12,December,Dec,49,5,5,Thursday,Thu,0,2
20241206,2024-12-06,2024,4,12,December,Dec,49,6,6,Friday,Fri,0,2
20241207,2024-12-07,2024,4,12,December,Dec,49,7,7,Saturday,Sat,1,2
20241208,2024-12-08,2024,4,12,December,Dec,49,8,1,Sunday,Sun,1,2
20241209,2024-12-09,2024,4,12,December,Dec,50,9,2,Monday,Mon,0,2
20241210,2024-12-10,2024,4,12,December,Dec,50,10,3,Tuesday,Tue,0,2
20241211,2024-12-11,2024,4,12,December,Dec,50,11,4,Wednesday,Wed,0,2
20241212,2024-12-12,2024,4,12,December,Dec,50,12,5,Thursday,Thu,0,2
20241213,2024-12-13,2024,4,12,December,Dec,50,13,6,Friday,Fri,0,2
20241214,2024-12-14,2024,4,12,December,Dec,50,14,7,Saturday,Sat,1,2
20241215,2024-12-15,2024,4,12,December,Dec,50,15,1,Sunday,Sun,1,2
20241216,2024-12-16,2024,4,12,December,Dec,51,16,2,Monday,Mon,0,2
20241217,2024-12-17,2024,4,12,December,Dec,51,17,3,Tuesday,Tue,0,2
20241218,2024-12-18,2024,4,12,December,Dec,51,18,4,Wednesday,Wed,0,2
20241219,2024-12-19,2024,4,12,December,Dec,51,19,5,Thursday,Thu,0,2
20241220,2024-12-20,2024,4,12,December,Dec,51,20,6,Friday,Fri,0,2
20241221,2024-12-21,2024,4,12,December,Dec,51,21,7,Saturday,Sat,1,2
20241222,2024-12-22,2024,4,12,December,Dec,51,22,1,Sunday,Sun,1,2
20241223,2024-12-23,2024,4,12,December,Dec,52,23,2,Monday,Mon,0,2
20241224,2024-12-24,2024,4,12,December,Dec,52,24,3,Tuesday,Tue,0,2
20241225,2024-12-25,2024,4,12,December,Dec,52,25,4,Wednesday,Wed,0,2
20241226,2024-12-26,2024,4,12,December,Dec,52,26,5,Thursday,Thu,0,2
20241227,2024-12-27,2024,4,12,December,Dec,52,27,6,Friday,Fri,0,2
20241228,2024-12-28,2024,4,12,December,Dec,52,28,7,Saturday,Sat,1,2
20241229,2024-12-29,2024,4,12,December,Dec,52,29,1,Sunday,Sun,1,2
20241230,2024-12-30,2024,4,12,December,Dec,1,30,2,Monday,Mon,0,2
20241231,2024-12-31,2024,4,12,December,Dec,1,31,3,Tuesday,Tue,0,2
20250101,2025-01-01,2025,1,1,January,Jan,1,1,4,Wednesday,Wed,0,1
20250102,2025-01-02,2025,1,1,January,Jan,1,2,5,Thursday,Thu,0,1
20250103,2025-01-03,2025,1,1,January,Jan,1,3,6,Friday,Fri,0,1
20250104,2025-01-04,2025,1,1,January,Jan,1,4,7,Saturday,Sat,1,1
20250105,2025-01-05,2025,1,1,January,Jan,1,5,1,Sunday,Sun,1,1
20250106,2025-01-06,2025,1,1,January,Jan,2,6,2,Monday,Mon,0,1
20250107,2025-01-07,2025,1,1,January,Jan,2,7,3,Tuesday,Tue,0,1
20250108,2025-01-08,2025,1,1,January,Jan,2,8,4,Wednesday,Wed,0,1
20250109,2025-01-09,2025,1,1,January,Jan,2,9,5,Thursday,Thu,0,1
20250110,2025-01-10,2025,1,1,January,Jan,2,10,6,Friday,Fri,0,1
20250111,2025-01-11,2025,1,1,January,Jan,2,11,7,Saturday,Sat,1,1
20250112,2025-01-12,2025,1,1,January,Jan,2,12,1,Sunday,Sun,1,1
20250113,2025-01-13,2025,1,1,January,Jan,3,13,2,Monday,Mon,0,1
20250114,2025-01-14,2025,1,1,January,Jan,3,14,3,Tuesday,Tue,0,1
20250115,2025-01-15,2025,1,1,January,Jan,3,15,4,Wednesday,Wed,0,1
20250116,2025-01-16,2025,1,1,January,Jan,3,16,5,Thursday,Thu,0,1
20250117,2025-01-17,2025,1,1,January,Jan,3,17,6,Friday,Fri,0,1
20250118,2025-01-18,2025,1,1,January,Jan,3,18,7,Saturday,Sat,1,1
20250119,2025-01-19,2025,1,1,January,Jan,3,19,1,Sunday,Sun,1,1
20250120,2025-01-20,2025,1,1,January,Jan,4,20,2,Monday,Mon,0,1
20250121,2025-01-21,2025,1,1,January,Jan,4,21,3,Tuesday,Tue,0,1
20250122,2025-01-22,2025,1,1,January,Jan,4,22,4,Wednesday,Wed,0,1
20250123,2025-01-23,2025,1,1,January,Jan,4,23,5,Thursday,Thu,0,1
20250124,2025-01-24,2025,1,1,January,Jan,4,24,6,Friday,Fri,0,1
20250125,2025-01-25,2025,1,1,January,Jan,4,25,7,Saturday,Sat,1,1
20250126,2025-01-26,2025,1,1,January,Jan,4,26,1,Sunday,Sun,1,1
20250127,2025-01-27,2025,1,1,January,Jan,5,27,2,Monday,Mon,0,1
20250128,2025-01-28,2025,1,1,January,Jan,5,28,3,Tuesday,Tue,0,1
20250129,2025-01-29,2025,1,1,January,Jan,5,29,4,Wednesday,Wed,0,1
20250130,2025-01-30,2025,1,1,January,Jan,5,30,5,Thursday,Thu,0,1
20250131,2025-01-31,2025,1,1,January,Jan,5,31,6,Friday,Fri,0,1
20250201,2025-02-01,2025,1,2,February,Feb,5,1,7,Saturday,Sat,1,1
20250202,2025-02-02,2025,1,2,February,Feb,5,2,1,Sunday,Sun,1,1
20250203,2025-02-03,2025,1,2,February,Feb,6,3,2,Monday,Mon,0,1
20250204,2025-02-04,2025,1,2,February,Feb,6,4,3,Tuesday,Tue,0,1
20250205,2025-02-05,2025,1,2,February,Feb,6,5,4,Wednesday,Wed,0,1
20250206,2025-02-06,2025,1,2,February,Feb,6,6,5,Thursday,Thu,0,1
20250207,2025-02-07,2025,1,2,February,Feb,6,7,6,Friday,Fri,0,1
20250208,2025-02-08,2025,1,2,February,Feb,6,8,7,Saturday,Sat,1,1
20250209,2025-02-09,2025,1,2,February,Feb,6,9,1,Sunday,Sun,1,1
20250210,2025-02-10,2025,1,2,February,Feb,7,10,2,Monday,Mon,0,1
20250211,2025-02-11,2025,1,2,February,Feb,7,11,3,Tuesday,Tue,0,1
20250212,2025-02-12,2025,1,2,February,Feb,7,12,4,Wednesday,Wed,0,1
20250213,2025-02-13,2025,1,2,February,Feb,7,13,5,Thursday,Thu,0,1
20250214,2025-02-14,2025,1,2,February,Feb,7,14,6,Friday,Fri,0,1
20250215,2025-02-15,2025,1,2,February,Feb,7,15,7,Saturday,Sat,1,1
20250216,2025-02-16,2025,1,2,February,Feb,7,16,1,Sunday,Sun,1,1
20250217,2025-02-17,2025,1,2,February,Feb,8,17,2,Monday,Mon,0,1
20250218,2025-02-18,2025,1,2,February,Feb,8,18,3,Tuesday,Tue,0,1
20250219,2025-02-19,2025,1,2,February,Feb,8,19,4,Wednesday,Wed,0,1
20250220,2025-02-20,2025,1,2,February,Feb,8,20,5,Thursday,Thu,0,1
20250221,2025-02-21,2025,1,2,February,Feb,8,21,6,Friday,Fri,0,1
20250222,2025-02-22,2025,1,2,February,Feb,8,22,7,Saturday,Sat,1,1
20250223,2025-02-23,2025,1,2,February,Feb,8,23,1,Sunday,Sun,1,1
20250224,2025-02-24,2025,1,2,February,Feb,9,24,2,Monday,Mon,0,1
20250225,2025-02-25,2025,1,2,February,Feb,9,25,3,Tuesday,Tue,0,1
20250226,2025-02-26,2025,1,2,February,Feb,9,26,4,Wednesday,Wed,0,1
20250227,2025-02-27,2025,1,2,February,Feb,9,27,5,Thursday,Thu,0,1
20250228,2025-02-28,2025,1,2,February,Feb,9,28,6,Friday,Fri,0,1
20250301,2025-03-01,2025,1,3,March,Mar,9,1,7,Saturday,Sat,1,1
20250302,2025-03-02,2025,1,3,March,Mar,9,2,1,Sunday,Sun,1,1
20250303,2025-03-03,2025,1,3,March,Mar,10,3,2,Monday,Mon,0,1
20250304,2025-03-04,2025,1,3,March,Mar,10,4,3,Tuesday,Tue,0,1
20250305,2025-03-05,2025,1,3,March,Mar,10,5,4,Wednesday,Wed,0,1
20250306,2025-03-06,2025,1,3,March,Mar,10,6,5,Thursday,Thu,0,1
20250307,2025-03-07,2025,1,3,March,Mar,10,7,6,Friday,Fri,0,1
20250308,2025-03-08,2025,1,3,March,Mar,10,8,7,Saturday,Sat,1,1
20250309,2025-03-09,2025,1,3,March,Mar,10,9,1,Sunday,Sun,1,1
20250310,2025-03-10,2025,1,3,March,Mar,11,10,2,Monday,Mon,0,1
20250311,2025-03-11,2025,1,3,March,Mar,11,11,3,Tuesday,Tue,0,1
20250312,2025-03-12,2025,1,3,March,Mar,11,12,4,Wednesday,Wed,0,1
20250313,2025-03-13,2025,1,3,March,Mar,11,13,5,Thursday,Thu,0,1
20250314,2025-03-14,2025,1,3,March,Mar,11,14,6,Friday,Fri,0,1
20250315,2025-03-15,2025,1,3,March,Mar,11,15,7,Saturday,Sat,1,1
20250316,2025-03-16,2025,1,3,March,Mar,11,16,1,Sunday,Sun,1,1
20250317,2025-03-17,2025,1,3,March,Mar,12,17,2,Monday,Mon,0,1
20250318,2025-03-18,2025,1,3,March,Mar,12,18,3,Tuesday,Tue,0,1
20250319,2025-03-19,2025,1,3,March,Mar,12,19,4,Wednesday,Wed,0,1
20250320,2025-03-20,2025,1,3,March,Mar,12,20,5,Thursday,Thu,0,1
20250321,2025-03-21,2025,1,3,March,Mar,12,21,6,Friday,Fri,0,1
20250322,2025-03-22,2025,1,3,March,Mar,12,22,7,Saturday,Sat,1,1
20250323,2025-03-23,2025,1,3,March,Mar,12,23,1,Sunday,Sun,1,1
20250324,2025-03-24,2025,1,3,March,Mar,13,24,2,Monday,Mon,0,1
20250325,2025-03-25,2025,1,3,March,Mar,13,25,3,Tuesday,Tue,0,1
20250326,2025-03-26,2025,1,3,March,Mar,13,26,4,Wednesday,Wed,0,1
20250327,2025-03-27,2025,1,3,March,Mar,13,27,5,Thursday,Thu,0,1
20250328,2025-03-28,2025,1,3,March,Mar,13,28,6,Friday,Fri,0,1
20250329,2025-03-29,2025,1,3,March,Mar,13,29,7,Saturday,Sat,1,1
20250330,2025-03-30,2025,1,3,March,Mar,13,30,1,Sunday,Sun,1,1
20250331,2025-03-31,2025,1,3,March,Mar,14,31,2,Monday,Mon,0,1
20250401,2025-04-01,2025,2,4,April,Apr,14,1,3,Tuesday,Tue,0,1
20250402,2025-04-02,2025,2,4,April,Apr,14,2,4,Wednesday,Wed,0,1
20250403,2025-04-03,2025,2,4,April,Apr,14,3,5,Thursday,Thu,0,1
20250404,2025-04-04,2025,2,4,April,Apr,14,4,6,Friday,Fri,0,1
20250405,2025-04-05,2025,2,4,April,Apr,14,5,7,Saturday,Sat,1,1
20250406,2025-04-06,2025,2,4,April,Apr,14,6,1,Sunday,Sun,1,1
20250407,2025-04-07,2025,2,4,April,Apr,15,7,2,Monday,Mon,0,1
20250408,2025-04-08,2025,2,4,April,Apr,15,8,3,Tuesday,Tue,0,1
20250409,2025-04-09,2025,2,4,April,Apr,15,9,4,Wednesday,Wed,0,1
20250410,2025-04-10,2025,2,4,April,Apr,15,10,5,Thursday,Thu,0,1
20250411,2025-04-11,2025,2,4,April,Apr,15,11,6,Friday,Fri,0,1
20250412,2025-04-12,2025,2,4,April,Apr,15,12,7,Saturday,Sat,1,1
20250413,2025-04-13,2025,2,4,April,Apr,15,13,1,Sunday,Sun,1,1
20250414,2025-04-14,2025,2,4,April,Apr,16,14,2,Monday,Mon,0,1
20250415,2025-04-15,2025,2,4,April,Apr,16,15,3,Tuesday,Tue,0,1
20250416,2025-04-16,2025,2,4,April,Apr,16,16,4,Wednesday,Wed,0,1
20250417,2025-04-17,2025,2,4,April,Apr,16,17,5,Thursday,Thu,0,1
20250418,2025-04-18,2025,2,4,April,Apr,16,18,6,Friday,Fri,0,1
20250419,2025-04-19,2025,2,4,April,Apr,16,19,7,Saturday,Sat,1,1
20250420,2025-04-20,2025,2,4,April,Apr,16,20,1,Sunday,Sun,1,1
20250421,2025-04-21,2025,2,4,April,Apr,17,21,2,Monday,Mon,0,1
20250422,2025-04-22,2025,2,4,April,Apr,17,22,3,Tuesday,Tue,0,1
20250423,2025-04-23,2025,2,4,April,Apr,17,23,4,Wednesday,Wed,0,1
20250424,2025-04-24,2025,2,4,April,Apr,17,24,5,Thursday,Thu,0,1
20250425,2025-04-25,2025,2,4,April,Apr,17,25,6,Friday,Fri,0,1
20250426,2025-04-26,2025,2,4,April,Apr,17,26,7,Saturday,Sat,1,1
20250427,2025-04-27,2025,2,4,April,Apr,17,27,1,Sunday,Sun,1,1
20250428,2025-04-28,2025,2,4,April,Apr,18,28,2,Monday,Mon,0,1
20250429,2025-04-29,2025,2,4,April,Apr,18,29,3,Tuesday,Tue,0,1
20250430,2025-04-30,2025,2,4,April,Apr,18,30,4,Wednesday,Wed,0,1
20250501,2025-05-01,2025,2,5,May,May,18,1,5,Thursday,Thu,0,1
20250502,2025-05-02,2025,2,5,May,May,18,2,6,Friday,Fri,0,1
20250503,2025-05-03,2025,2,5,May,May,18,3,7,Saturday,Sat,1,1
20250504,2025-05-04,2025,2,5,May,May,18,4,1,Sunday,Sun,1,1
20250505,2025-05-05,2025,2,5,May,May,19,5,2,Monday,Mon,0,1
20250506,2025-05-06,2025,2,5,May,May,19,6,3,Tuesday,Tue,0,1
20250507,2025-05-07,2025,2,5,May,May,19,7,4,Wednesday,Wed,0,1
20250508,2025-05-08,2025,2,5,May,May,19,8,5,Thursday,Thu,0,1
20250509,2025-05-09,2025,2,5,May,May,19,9,6,Friday,Fri,0,1
20250510,2025-05-10,2025,2,5,May,May,19,10,7,Saturday,Sat,1,1
20250511,2025-05-11,2025,2,5,May,May,19,11,1,Sunday,Sun,1,1
20250512,2025-05-12,2025,2,5,May,May,20,12,2,Monday,Mon,0,1
20250513,2025-05-13,2025,2,5,May,May,20,13,3,Tuesday,Tue,0,1
20250514,2025-05-14,2025,2,5,May,May,20,14,4,Wednesday,Wed,0,1
20250515,2025-05-15,2025,2,5,May,May,20,15,5,Thursday,Thu,0,1
20250516,2025-05-16,2025,2,5,May,May,20,16,6,Friday,Fri,0,1
20250517,2025-05-17,2025,2,5,May,May,20,17,7,Saturday,Sat,1,1
20250518,2025-05-18,2025,2,5,May,May,20,18,1,Sunday,Sun,1,1
20250519,2025-05-19,2025,2,5,May,May,21,19,2,Monday,Mon,0,1
20250520,2025-05-20,2025,2,5,May,May,21,20,3,Tuesday,Tue,0,1
20250521,2025-05-21,2025,2,5,May,May,21,21,4,Wednesday,Wed,0,1
20250522,2025-05-22,2025,2,5,May,May,21,22,5,Thursday,Thu,0,1
20250523,2025-05-23,2025,2,5,May,May,21,23,6,Friday,Fri,0,1
20250524,2025-05-24,2025,2,5,May,May,21,24,7,Saturday,Sat,1,1
20250525,2025-05-25,2025,2,5,May,May,21,25,1,Sunday,Sun,1,1
20250526,2025-05-26,2025,2,5,May,May,22,26,2,Monday,Mon,0,1
20250527,2025-05-27,2025,2,5,May,May,22,27,3,Tuesday,Tue,0,1
20250528,2025-05-28,2025,2,5,May,May,22,28,4,Wednesday,Wed,0,1
20250529,2025-05-29,2025,2,5,May,May,22,29,5,Thursday,Thu,0,1
20250530,2025-05-30,2025,2,5,May,May,22,30,6,Friday,Fri,0,1
20250531,2025-05-31,2025,2,5,May,May,22,31,7,Saturday,Sat,1,1
20250601,2025-06-01,2025,2,6,June,Jun,22,1,1,Sunday,Sun,1,1
20250602,2025-06-02,2025,2,6,June,Jun,23,2,2,Monday,Mon,0,1
20250603,2025-06-03,2025,2,6,June,Jun,23,3,3,Tuesday,Tue,0,1
20250604,2025-06-04,2025,2,6,June,Jun,23,4,4,Wednesday,Wed,0,1
20250605,2025-06-05,2025,2,6,June,Jun,23,5,5,Thursday,Thu,0,1
20250606,2025-06-06,2025,2,6,June,Jun,23,6,6,Friday,Fri,0,1
20250607,2025-06-07,2025,2,6,June,Jun,23,7,7,Saturday,Sat,1,1
20250608,2025-06-08,2025,2,6,June,Jun,23,8,1,Sunday,Sun,1,1
20250609,2025-06-09,2025,2,6,June,Jun,24,9,2,Monday,Mon,0,1
20250610,2025-06-10,2025,2,6,June,Jun,24,10,3,Tuesday,Tue,0,1
20250611,2025-06-11,2025,2,6,June,Jun,24,11,4,Wednesday,Wed,0,1
20250612,2025-06-12,2025,2,6,June,Jun,24,12,5,Thursday,Thu,0,1
20250613,2025-06-13,2025,2,6,June,Jun,24,13,6,Friday,Fri,0,1
20250614,2025-06-14,2025,2,6,June,Jun,24,14,7,Saturday,Sat,1,1
20250615,2025-06-15,2025,2,6,June,Jun,24,15,1,Sunday,Sun,1,1
20250616,2025-06-16,2025,2,6,June,Jun,25,16,2,Monday,Mon,0,1
20250617,2025-06-17,2025,2,6,June,Jun,25,17,3,Tuesday,Tue,0,1
20250618,2025-06-18,2025,2,6,June,Jun,25,18,4,Wednesday,Wed,0,1
20250619,2025-06-19,2025,2,6,June,Jun,25,19,5,Thursday,Thu,0,1
20250620,2025-06-20,2025,2,6,June,Jun,25,20,6,Friday,Fri,0,1
20250621,2025-06-21,2025,2,6,June,Jun,25,21,7,Saturday,Sat,1,1
20250622,2025-06-22,2025,2,6,June,Jun,25,22,1,Sunday,Sun,1,1
20250623,2025-06-23,2025,2,6,June,Jun,26,23,2,Monday,Mon,0,1
20250624,2025-06-24,2025,2,6,June,Jun,26,24,3,Tuesday,Tue,0,1
20250625,2025-06-25,2025,2,6,June,Jun,26,25,4,Wednesday,Wed,0,1
20250626,2025-06-26,2025,2,6,June,Jun,26,26,5,Thursday,Thu,0,1
20250627,2025-06-27,2025,2,6,June,Jun,26,27,6,Friday,Fri,0,1
20250628,2025-06-28,2025,2,6,June,Jun,26,28,7,Saturday,Sat,1,1
20250629,2025-06-29,2025,2,6,June,Jun,26,29,1,Sunday,Sun,1,1
20250630,2025-06-30,2025,2,6,June,Jun,27,30,2,Monday,Mon,0,1
20250701,2025-07-01,2025,3,7,July,Jul,27,1,3,Tuesday,Tue,0,2
20250702,2025-07-02,2025,3,7,July,Jul,27,2,4,Wednesday,Wed,0,2
20250703,2025-07-03,2025,3,7,July,Jul,27,3,5,Thursday,Thu,0,2
20250704,2025-07-04,2025,3,7,July,Jul,27,4,6,Friday,Fri,0,2
20250705,2025-07-05,2025,3,7,July,Jul,27,5,7,Saturday,Sat,1,2
20250706,2025-07-06,2025,3,7,July,Jul,27,6,1,Sunday,Sun,1,2
20250707,2025-07-07,2025,3,7,July,Jul,28,7,2,Monday,Mon,0,2
20250708,2025-07-08,2025,3,7,July,Jul,28,8,3,Tuesday,Tue,0,2
20250709,2025-07-09,2025,3,7,July,Jul,28,9,4,Wednesday,Wed,0,2
20250710,2025-07-10,2025,3,7,July,Jul,28,10,5,Thursday,Thu,0,2
20250711,2025-07-11,2025,3,7,July,Jul,28,11,6,Friday,Fri,0,2
20250712,2025-07-12,2025,3,7,July,Jul,28,12,7,Saturday,Sat,1,2
20250713,2025-07-13,2025,3,7,July,Jul,28,13,1,Sunday,Sun,1,2
20250714,2025-07-14,2025,3,7,July,Jul,29,14,2,Monday,Mon,0,2
20250715,2025-07-15,2025,3,7,July,Jul,29,15,3,Tuesday,Tue,0,2
20250716,2025-07-16,2025,3,7,July,Jul,29,16,4,Wednesday,Wed,0,2
20250717,2025-07-17,2025,3,7,July,Jul,29,17,5,Thursday,Thu,0,2
20250718,2025-07-18,2025,3,7,July,Jul,29,18,6,Friday,Fri,0,2
20250719,2025-07-19,2025,3,7,July,Jul,29,19,7,Saturday,Sat,1,2
20250720,2025-07-20,2025,3,7,July,Jul,29,20,1,Sunday,Sun,1,2
20250721,2025-07-21,2025,3,7,July,Jul,30,21,2,Monday,Mon,0,2
20250722,2025-07-22,2025,3,7,July,Jul,30,22,3,Tuesday,Tue,0,2
20250723,2025-07-23,2025,3,7,July,Jul,30,23,4,Wednesday,Wed,0,2
20250724,2025-07-24,2025,3,7,July,Jul,30,24,5,Thursday,Thu,0,2
20250725,2025-07-25,2025,3,7,July,Jul,30,25,6,Friday,Fri,0,2
20250726,2025-07-26,2025,3,7,July,Jul,30,26,7,Saturday,Sat,1,2
20250727,2025-07-27,2025,3,7,July,Jul,30,27,1,Sunday,Sun,1,2
20250728,2025-07-28,2025,3,7,July,Jul,31,28,2,Monday,Mon,0,2
20250729,2025-07-29,2025,3,7,July,Jul,31,29,3,Tuesday,Tue,0,2
20250730,2025-07-30,2025,3,7,July,Jul,31,30,4,Wednesday,Wed,0,2
20250731,2025-07-31,2025,3,7,July,Jul,31,31,5,Thursday,Thu,0,2
20250801,2025-08-01,2025,3,8,August,Aug,31,1,6,Friday,Fri,0,2
20250802,2025-08-02,2025,3,8,August,Aug,31,2,7,Saturday,Sat,1,2
20250803,2025-08-03,2025,3,8,August,Aug,31,3,1,Sunday,Sun,1,2
20250804,2025-08-04,2025,3,8,August,Aug,32,4,2,Monday,Mon,0,2
20250805,2025-08-05,2025,3,8,August,Aug,32,5,3,Tuesday,Tue,0,2
20250806,2025-08-06,2025,3,8,August,Aug,32,6,4,Wednesday,Wed,0,2
20250807,2025-08-07,2025,3,8,August,Aug,32,7,5,Thursday,Thu,0,2
20250808,2025-08-08,2025,3,8,August,Aug,32,8,6,Friday,Fri,0,2
20250809,2025-08-09,2025,3,8,August,Aug,32,9,7,Saturday,Sat,1,2
20250810,2025-08-10,2025,3,8,August,Aug,32,10,1,Sunday,Sun,1,2
20250811,2025-08-11,2025,3,8,August,Aug,33,11,2,Monday,Mon,0,2
20250812,2025-08-12,2025,3,8,August,Aug,33,12,3,Tuesday,Tue,0,2
20250813,2025-08-13,2025,3,8,August,Aug,33,13,4,Wednesday,Wed,0,2
20250814,2025-08-14,2025,3,8,August,Aug,33,14,5,Thursday,Thu,0,2
20250815,2025-08-15,2025,3,8,August,Aug,33,15,6,Friday,Fri,0,2
20250816,2025-08-16,2025,3,8,August,Aug,33,16,7,Saturday,Sat,1,2
20250817,2025-08-17,2025,3,8,August,Aug,33,17,1,Sunday,Sun,1,2
20250818,2025-08-18,2025,3,8,August,Aug,34,18,2,Monday,Mon,0,2
20250819,2025-08-19,2025,3,8,August,Aug,34,19,3,Tuesday,Tue,0,2
20250820,2025-08-20,2025,3,8,August,Aug,34,20,4,Wednesday,Wed,0,2
20250821,2025-08-21,2025,3,8,August,Aug,34,21,5,Thursday,Thu,0,2
20250822,2025-08-22,2025,3,8,August,Aug,34,22,6,Friday,Fri,0,2
20250823,2025-08-23,2025,3,8,August,Aug,34,23,7,Saturday,Sat,1,2
20250824,2025-08-24,2025,3,8,August,Aug,34,24,1,Sunday,Sun,1,2
20250825,2025-08-25,2025,3,8,August,Aug,35,25,2,Monday,Mon,0,2
20250826,2025-08-26,2025,3,8,August,Aug,35,26,3,Tuesday,Tue,0,2
20250827,2025-08-27,2025,3,8,August,Aug,35,27,4,Wednesday,Wed,0,2
20250828,2025-08-28,2025,3,8,August,Aug,35,28,5,Thursday,Thu,0,2
20250829,2025-08-29,2025,3,8,August,Aug,35,29,6,Friday,Fri,0,2
20250830,2025-08-30,2025,3,8,August,Aug,35,30,7,Saturday,Sat,1,2
20250831,2025-08-31,2025,3,8,August,Aug,35,31,1,Sunday,Sun,1,2
20250901,2025-09-01,2025,3,9,September,Sep,36,1,2,Monday,Mon,0,2
20250902,2025-09-02,2025,3,9,September,Sep,36,2,3,Tuesday,Tue,0,2
20250903,2025-09-03,2025,3,9,September,Sep,36,3,4,Wednesday,Wed,0,2
20250904,2025-09-04,2025,3,9,September,Sep,36,4,5,Thursday,Thu,0,2
20250905,2025-09-05,2025,3,9,September,Sep,36,5,6,Friday,Fri,0,2
20250906,2025-09-06,2025,3,9,September,Sep,36,6,7,Saturday,Sat,1,2
20250907,2025-09-07,2025,3,9,September,Sep,36,7,1,Sunday,Sun,1,2
20250908,2025-09-08,2025,3,9,September,Sep,37,8,2,Monday,Mon,0,2
20250909,2025-09-09,2025,3,9,September,Sep,37,9,3,Tuesday,Tue,0,2
20250910,2025-09-10,2025,3,9,September,Sep,37,10,4,Wednesday,Wed,0,2
20250911,2025-09-11,2025,3,9,September,Sep,37,11,5,Thursday,Thu,0,2
20250912,2025-09-12,2025,3,9,September,Sep,37,12,6,Friday,Fri,0,2
20250913,2025-09-13,2025,3,9,September,Sep,37,13,7,Saturday,Sat,1,2
20250914,2025-09-14,2025,3,9,September,Sep,37,14,1,Sunday,Sun,1,2
20250915,2025-09-15,2025,3,9,September,Sep,38,15,2,Monday,Mon,0,2
20250916,2025-09-16,2025,3,9,September,Sep,38,16,3,Tuesday,Tue,0,2
20250917,2025-09-17,2025,3,9,September,Sep,38,17,4,Wednesday,Wed,0,2
20250918,2025-09-18,2025,3,9,September,Sep,38,18,5,Thursday,Thu,0,2
20250919,2025-09-19,2025,3,9,September,Sep,38,19,6,Friday,Fri,0,2
20250920,2025-09-20,2025,3,9,September,Sep,38,20,7,Saturday,Sat,1,2
20250921,2025-09-21,2025,3,9,September,Sep,38,21,1,Sunday,Sun,1,2
20250922,2025-09-22,2025,3,9,September,Sep,39,22,2,Monday,Mon,0,2
20250923,2025-09-23,2025,3,9,September,Sep,39,23,3,Tuesday,Tue,0,2
20250924,2025-09-24,2025,3,9,September,Sep,39,24,4,Wednesday,Wed,0,2
20250925,2025-09-25,2025,3,9,September,Sep,39,25,5,Thursday,Thu,0,2
20250926,2025-09-26,2025,3,9,September,Sep,39,26,6,Friday,Fri,0,2
20250927,2025-09-27,2025,3,9,September,Sep,39,27,7,Saturday,Sat,1,2
20250928,2025-09-28,2025,3,9,September,Sep,39,28,1,Sunday,Sun,1,2
20250929,2025-09-29,2025,3,9,September,Sep,40,29,2,Monday,Mon,0,2
20250930,2025-09-30,2025,3,9,September,Sep,40,30,3,Tuesday,Tue,0,2
20251001,2025-10-01,2025,4,10,October,Oct,40,1,4,Wednesday,Wed,0,2
20251002,2025-10-02,2025,4,10,October,Oct,40,2,5,Thursday,Thu,0,2
20251003,2025-10-03,2025,4,10,October,Oct,40,3,6,Friday,Fri,0,2
20251004,2025-10-04,2025,4,10,October,Oct,40,4,7,Saturday,Sat,1,2
20251005,2025-10-05,2025,4,10,October,Oct,40,5,1,Sunday,Sun,1,2
20251006,2025-10-06,2025,4,10,October,Oct,41,6,2,Monday,Mon,0,2
20251007,2025-10-07,2025,4,10,October,Oct,41,7,3,Tuesday,Tue,0,2
20251008,2025-10-08,2025,4,10,October,Oct,41,8,4,Wednesday,Wed,0,2
20251009,2025-10-09,2025,4,10,October,Oct,41,9,5,Thursday,Thu,0,2
20251010,2025-10-10,2025,4,10,October,Oct,41,10,6,Friday,Fri,0,2
20251011,2025-10-11,2025,4,10,October,Oct,41,11,7,Saturday,Sat,1,2
20251012,2025-10-12,2025,4,10,October,Oct,41,12,1,Sunday,Sun,1,2
20251013,2025-10-13,2025,4,10,October,Oct,42,13,2,Monday,Mon,0,2
20251014,2025-10-14,2025,4,10,October,Oct,42,14,3,Tuesday,Tue,0,2
20251015,2025-10-15,2025,4,10,October,Oct,42,15,4,Wednesday,Wed,0,2
20251016,2025-10-16,2025,4,10,October,Oct,42,16,5,Thursday,Thu,0,2
20251017,2025-10-17,2025,4,10,October,Oct,42,17,6,Friday,Fri,0,2
20251018,2025-10-18,2025,4,10,October,Oct,42,18,7,Saturday,Sat,1,2
20251019,2025-10-19,2025,4,10,October,Oct,42,19,1,Sunday,Sun,1,2
20251020,2025-10-20,2025,4,10,October,Oct,43,20,2,Monday,Mon,0,2
20251021,2025-10-21,2025,4,10,October,Oct,43,21,3,Tuesday,Tue,0,2
20251022,2025-10-22,2025,4,10,October,Oct,43,22,4,Wednesday,Wed,0,2
20251023,2025-10-23,2025,4,10,October,Oct,43,23,5,Thursday,Thu,0,2
20251024,2025-10-24,2025,4,10,October,Oct,43,24,6,Friday,Fri,0,2
20251025,2025-10-25,2025,4,10,October,Oct,43,25,7,Saturday,Sat,1,2
20251026,2025-10-26,2025,4,10,October,Oct,43,26,1,Sunday,Sun,1,2
20251027,2025-10-27,2025,4,10,October,Oct,44,27,2,Monday,Mon,0,2
20251028,2025-10-28,2025,4,10,October,Oct,44,28,3,Tuesday,Tue,0,2
20251029,2025-10-29,2025,4,10,October,Oct,44,29,4,Wednesday,Wed,0,2
20251030,2025-10-30,2025,4,10,October,Oct,44,30,5,Thursday,Thu,0,2
20251031,2025-10-31,2025,4,10,October,Oct,44,31,6,Friday,Fri,0,2
20251101,2025-11-01,2025,4,11,November,Nov,44,1,7,Saturday,Sat,1,2
20251102,2025-11-02,2025,4,11,November,Nov,44,2,1,Sunday,Sun,1,2
20251103,2025-11-03,2025,4,11,November,Nov,45,3,2,Monday,Mon,0,2
20251104,2025-11-04,2025,4,11,November,Nov,45,4,3,Tuesday,Tue,0,2
20251105,2025-11-05,2025,4,11,November,Nov,45,5,4,Wednesday,Wed,0,2
20251106,2025-11-06,2025,4,11,November,Nov,45,6,5,Thursday,Thu,0,2
20251107,2025-11-07,2025,4,11,November,Nov,45,7,6,Friday,Fri,0,2
20251108,2025-11-08,2025,4,11,November,Nov,45,8,7,Saturday,Sat,1,2
20251109,2025-11-09,2025,4,11,November,Nov,45,9,1,Sunday,Sun,1,2
20251110,2025-11-10,2025,4,11,November,Nov,46,10,2,Monday,Mon,0,2
20251111,2025-11-11,2025,4,11,November,Nov,46,11,3,Tuesday,Tue,0,2
20251112,2025-11-12,2025,4,11,November,Nov,46,12,4,Wednesday,Wed,0,2
20251113,2025-11-13,2025,4,11,November,Nov,46,13,5,Thursday,Thu,0,2
20251114,2025-11-14,2025,4,11,November,Nov,46,14,6,Friday,Fri,0,2
20251115,2025-11-15,2025,4,11,November,Nov,46,15,7,Saturday,Sat,1,2
20251116,2025-11-16,2025,4,11,November,Nov,46,16,1,Sunday,Sun,1,2
20251117,2025-11-17,2025,4,11,November,Nov,47,17,2,Monday,Mon,0,2
20251118,2025-11-18,2025,4,11,November,Nov,47,18,3,Tuesday,Tue,0,2
20251119,2025-11-19,2025,4,11,November,Nov,47,19,4,Wednesday,Wed,0,2
20251120,2025-11-20,2025,4,11,November,Nov,47,20,5,Thursday,Thu,0,2
20251121,2025-11-21,2025,4,11,November,Nov,47,21,6,Friday,Fri,0,2
20251122,2025-11-22,2025,4,11,November,Nov,47,22,7,Saturday,Sat,1,2
20251123,2025-11-23,2025,4,11,November,Nov,47,23,1,Sunday,Sun,1,2
20251124,2025-11-24,2025,4,11,November,Nov,48,24,2,Monday,Mon,0,2
20251125,2025-11-25,2025,4,11,November,Nov,48,25,3,Tuesday,Tue,0,2
20251126,2025-11-26,2025,4,11,November,Nov,48,26,4,Wednesday,Wed,0,2
20251127,2025-11-27,2025,4,11,November,Nov,48,27,5,Thursday,Thu,0,2
20251128,2025-11-28,2025,4,11,November,Nov,48,28,6,Friday,Fri,0,2
20251129,2025-11-29,2025,4,11,November,Nov,48,29,7,Saturday,Sat,1,2
20251130,2025-11-30,2025,4,11,November,Nov,48,30,1,Sunday,Sun,1,2
20251201,2025-12-01,2025,4,12,December,Dec,49,1,2,Monday,Mon,0,2
20251202,2025-12-02,2025,4,12,December,Dec,49,2,3,Tuesday,Tue,0,2
20251203,2025-12-03,2025,4,12,December,Dec,49,3,4,Wednesday,Wed,0,2
20251204,2025-12-04,2025,4,12,December,Dec,49,4,5,Thursday,Thu,0,2
20251205,2025-12-05,2025,4,12,December,Dec,49,5,6,Friday,Fri,0,2
20251206,2025-12-06,2025,4,12,December,Dec,49,6,7,Saturday,Sat,1,2
20251207,2025-12-07,2025,4,12,December,Dec,49,7,1,Sunday,Sun,1,2
20251208,2025-12-08,2025,4,12,December,Dec,50,8,2,Monday,Mon,0,2
20251209,2025-12-09,2025,4,12,December,Dec,50,9,3,Tuesday,Tue,0,2
20251210,2025-12-10,2025,4,12,December,Dec,50,10,4,Wednesday,Wed,0,2
20251211,2025-12-11,2025,4,12,December,Dec,50,11,5,Thursday,Thu,0,2
20251212,2025-12-12,2025,4,12,December,Dec,50,12,6,Friday,Fri,0,2
20251213,2025-12-13,2025,4,12,December,Dec,50,13,7,Saturday,Sat,1,2
20251214,2025-12-14,2025,4,12,December,Dec,50,14,1,Sunday,Sun,1,2
20251215,2025-12-15,2025,4,12,December,Dec,51,15,2,Monday,Mon,0,2
20251216,2025-12-16,2025,4,12,December,Dec,51,16,3,Tuesday,Tue,0,2
20251217,2025-12-17,2025,4,12,December,Dec,51,17,4,Wednesday,Wed,0,2
20251218,2025-12-18,2025,4,12,December,Dec,51,18,5,Thursday,Thu,0,2
20251219,2025-12-19,2025,4,12,December,Dec,51,19,6,Friday,Fri,0,2
20251220,2025-12-20,2025,4,12,December,Dec,51,20,7,Saturday,Sat,1,2
20251221,2025-12-21,2025,4,12,December,Dec,51,21,1,Sunday,Sun,1,2
20251222,2025-12-22,2025,4,12,December,Dec,52,22,2,Monday,Mon,0,2
20251223,2025-12-23,2025,4,12,December,Dec,52,23,3,Tuesday,Tue,0,2
20251224,2025-12-24,2025,4,12,December,Dec,52,24,4,Wednesday,Wed,0,2
20251225,2025-12-25,2025,4,12,December,Dec,52,25,5,Thursday,Thu,0,2
20251226,2025-12-26,2025,4,12,December,Dec,52,26,6,Friday,Fri,0,2
20251227,2025-12-27,2025,4,12,December,Dec,52,27,7,Saturday,Sat,1,2
20251228,2025-12-28,2025,4,12,December,Dec,52,28,1,Sunday,Sun,1,2
20251229,2025-12-29,2025,4,12,December,Dec,1,29,2,Monday,Mon,0,2
20251230,2025-12-30,2025,4,12,December,Dec,1,30,3,Tuesday,Tue,0,2
20251231,2025-12-31,2025,4,12,December,Dec,1,31,4,Wednesday,Wed,0,2
